[
    {
        "name": "Untukmu",
        "imageUrl": "https://picsum.photos/200/200?random=1"
    },
    {
        "name": "Pakaian",
        "imageUrl": "https://picsum.photos/200/200?random=2"
    },
    {
        "name": "Dekorasi Rumah",
        "imageUrl": "https://picsum.photos/200/200?random=3"
    },
    {
        "name": "Resep",
        "imageUrl": "https://picsum.photos/200/200?random=4"
    },
    {
        "name": "DIY",
        "imageUrl": "https://picsum.photos/200/200?random=5"
    },
    {
        "name": "Kutipan",
        "imageUrl": "https://picsum.photos/200/200?random=6"
    },
    {
        "name": "Seni",
        "imageUrl": "https://picsum.photos/200/200?random=7"
    },
    {
        "name": "Perjalanan",
        "imageUrl": "https://picsum.photos/200/200?random=8"
    }
]