[
    {
        "id": "pin_1",
        "img": "https://picsum.photos/236/350?random=1",
        "source": "example.com",
        "uploadedBy": "system",
        "title": "Inspiring Idea 1",
        "content": "Ide inspiratif ini adalah contoh sempurna bagaimana kreativitas bisa diungkapkan dalam bentuk visual. Sederhana namun penuh makna."
    },
    {
        "id": "pin_2",
        "img": "https://picsum.photos/236/420?random=2",
        "source": "another.com",
        "uploadedBy": "system",
        "title": "Creative Design",
        "content": "Desain yang inovatif dan berani, menantang batasan-batasan konvensional. Cocok untuk Anda yang suka hal unik!"
    },
    {
        "id": "pin_6854c85854619_1750386776",
        "img": "https://encrypted-tbn2.gstatic.com/images?q=tbn:ANd9GcQVgrg7LTXcEAjieMRdq2nk8TYEXUPrEK1xo1eFpdbJu3gRpOQr-rbPuuKr6UA2Bf94A5m-eM9LqE5RkypHaw",
        "source": "karina.co",
        "uploadedBy": "admin",
        "title": "Beautiful Landscape",
        "content": "Pemandangan alam yang menenangkan jiwa, cocok untuk latar belakang desktop atau inspirasi perjalanan berikutnya."
    },
    {
        "id": "pin_6854c8634777e_1750386787",
        "img": "https://encrypted-tbn0.gstatic.com/images?q=tbn:ANd9GcQNd6t8ntAVde1cu-8KICwGxC9TIbU03h0UliAcX0nfBpt9C5GUV7ZK8T93kwzDbT_CT9w&usqp=CAU",
        "source": "karina.co",
        "uploadedBy": "admin",
        "title": "Abstract Art",
        "content": "Karya seni abstrak dengan kombinasi warna yang kuat dan bentuk yang dinamis. Memberikan kesan modern dan artistik."
    },
    {
        "id": "pin_6854c8758cece_1750386805",
        "img": "https://i.pinimg.com/736x/ea/9c/cb/ea9ccbdd9347ceb552a4537e854079df.jpg",
        "source": "a",
        "uploadedBy": "admin",
        "title": "Minimalist Decor",
        "content": "Ide dekorasi minimalis yang elegan, menciptakan ruang yang bersih dan menenangkan dengan sedikit sentuhan."
    },
    {
        "id": "pin_6854c880774e6_1750386816",
        "img": "https://i.pinimg.com/736x/5e/95/ff/5e95ff8bc36f3c8c75d38ad07983564e.jpg",
        "source": "karina.co",
        "uploadedBy": "admin",
        "title": "Vibrant Cityscape",
        "content": "Pemandangan kota yang hidup dengan cahaya-cahaya malam, menunjukkan keramaian dan energi metropolitan."
    },
    {
        "id": "pin_685628e3101f1_1750477027",
        "img": "https://encrypted-tbn0.gstatic.com/images?q=tbn:ANd9GcT-WsHcrIaxhx-TeHM1iwFmswPPJKPksT-72DeCpRvFrRF4OhvZer85icWaNrN9DgmHPSk0JNgpzPqGPulXsXKlkQ",
        "source": "",
        "title": "winter",
        "content": "",
        "uploadedBy": "admin"
    }
]